Country,max temp,min temp,avg temp,avg rainfall,Cost of Living pw,pop2020,pop2019,GrowthRate,area,Density,Crime Index,Safety Index
Afghanistan,35.38888889,-3.5555555560000003,14.05555556,353.06,261.372487974676,38928.346,38041.754,1.0233,652230.0,58.3257,76.37,23.63
Albania,29.88888889,4.166666667,14.16666667,1229.36,406.0398906508229,2877.797,2880.917,0.9989,28748.0,100.2128,41.64,58.36
Algeria,34.27777778,4.555555556,17.44444444,462.28,258.68841556305165,43851.044,43053.054,1.0185,2381741.0,18.0763,51.88,48.12
American Samoa,30.83333333,17.05555556,27.11111111,3507.74,,55.191,55.312,0.9978,199.0,277.9497,,
Andorra,20.38888889,-5.055555556,5.666666667,1143.0,739.0455608907421,77.265,77.142,1.0016,468.0,164.8333,,
Angola,28.72222222,11.16666667,21.27777778,993.14,648.3008334479289,32866.272,31825.295,1.0327,1246700.0,25.5276,66.63,33.37
Anguilla,31.11111111,23.33333333,27.66666667,1092.2,,15.003,14.869,1.009,91.0,163.3956,,
Antarctica,-3.388888889,-30.77777778,-13.88888889,416.56,,,,,,,,
Antigua And Barbuda,30.05555556,22.33333333,26.44444444,739.14,,97.929,97.118,1.0084,442.0,219.724,,
Thailand,34.88888889,18.22222222,27.05555556,1615.44,511.3422571105514,69799.978,69625.582,1.0025,513120.0,135.6906,39.38,60.62
Armenia,26.61111111,-12.22222222,7.055555556,444.5,375.5392389750982,2963.243,2957.731,1.0019,29743.0,99.4429,23.35,76.65
Aruba,31.16666667,23.94444444,28.0,480.06,935.194349897254,106.766,106.314,1.0043,180.0,590.6333,,
Ascension Island,29.44444444,22.22222222,25.55555556,,,,,,,,,
Vietnam,31.77777778,17.11111111,24.72222222,1943.1,392.41520009749746,97338.579,96462.106,1.0091,331212.0,291.2398,46.09,53.91
Austria,22.66666667,-5.6111111110000005,7.0,998.22,906.99608353852,9006.398,8955.102,1.0057,83871.0,106.7723,25.23,74.77
Azerbaijan,30.66666667,-4.222222222,13.0,480.06,343.1127141832171,10139.177,10047.718,1.0091,86600.0,116.0245,31.66,68.34
Bahrain,37.5,14.16666667,25.83333333,73.66,822.9077094277835,1701.575,1641.172,1.0368,765.0,2145.3229,26.15,73.85
Bangladesh,33.16666667,12.22222222,25.33333333,2339.34,235.36993747646287,164689.383,163046.161,1.0101,147570.0,1104.8734,64.22,35.78
Barbados,30.55555556,21.66666667,26.5,1280.16,867.2366920040641,287.375,287.025,1.0012,430.0,667.5,,
Belarus,23.16666667,-7.722222222,5.944444444,645.16,344.60112830007324,9449.323,9452.411,0.9997,207600.0,45.5318,60.27,39.73
Belgium,21.44444444,-0.7777777779999999,9.333333332999999,840.74,952.8245625798552,11589.623,11539.328,1.0044,30528.0,377.9916,44.17,55.83
Belize,32.05555556,19.05555556,25.0,1727.2,553.7639792641792,397.628,390.353,1.0186,22966.0,16.997,51.31,48.69
Benin,34.88888889,20.88888889,26.94444444,1107.44,,12123.2,11801.151,1.0273,112622.0,104.7855,,
Bermuda,29.77777778,15.77777778,21.77777778,1501.14,2194.5856489387224,62.278,62.506,0.9964,54.0,1157.5185,,
Bhutan,26.16666667,1.0,15.61111111,1084.58,325.27420330025683,771.608,763.092,1.0112,38394.0,19.8753,,
Panama,31.44444444,23.16666667,25.94444444,2237.74,717.0625714070983,4314.767,4246.439,1.0161,75417.0,56.3061,45.85,54.15
Bosnia And Herzegovina,25.05555556,-2.666666667,9.888888889,1061.72,357.9331854798687,3280.819,3301.0,0.9939,51209.0,64.4613,43.01,56.99
Botswana,32.11111111,5.277777778,20.94444444,441.96,496.1599558408593,2351.627,2303.697,1.0208,582000.0,3.9582,52.84,47.16
Brazil,32.27777778,17.94444444,24.5,952.5,320.83911182190604,212559.417,211049.527,1.0072,8515767.0,24.7834,67.85,32.15
British Indian Ocean Territory,30.55555556,22.77777778,25.55555556,2506.98,,,,,,,,
British Virgin Islands,30.83333333,21.38888889,25.55555556,1051.56,,30.231,30.03,1.0067,151.0,198.8742,,
Brunei,31.66666667,23.33333333,27.22222222,2839.72,592.2213300234881,437.479,433.285,1.0097,5765.0,75.1578,28.03,71.97
Bulgaria,26.05555556,-3.777777778,9.666666667000001,627.38,407.0580032119532,6948.445,7000.119,0.9926,110879.0,63.133,38.12,61.88
Burkina Faso,38.27777778,18.11111111,28.27777778,789.94,,20903.273,20321.378,1.0286,272967.0,74.4463,,
Burundi,27.05555556,13.27777778,20.0,1231.9,,11890.784,11530.58,1.0312,27834.0,414.2624,,
Cambodia,34.72222222,20.38888889,27.0,1760.22,449.05880326091363,16718.965,16486.542,1.0141,181035.0,91.0683,51.22,48.78
Cameroon,31.22222222,17.33333333,23.83333333,1930.4,378.4022073582329,26545.863,25876.38,1.0259,475442.0,54.4259,,
Mexico,31.38888889,8.277777777999999,20.61111111,934.72,434.55387080759164,128932.753,127575.529,1.0106,1964375.0,64.9446,55.0,45.0
Cape Verde,28.88888889,18.05555556,22.66666667,177.8,,555.987,549.935,1.011,4033.0,136.3588,,
Cayman Islands,31.27777778,21.66666667,26.77777778,1303.02,,65.722,64.948,1.0119,264.0,246.0152,,
Central African Republic,34.72222222,17.0,24.88888889,1460.5,,4829.767,4745.185,1.0178,622984.0,7.6169,,
Chad,40.0,15.44444444,27.27777778,695.96,,16425.864,15946.876,1.03,1284000.0,12.4197,,
Channel Islands,19.77777778,4.166666667,10.72222222,482.6,,,,,,,,
Singapore,31.11111111,22.77777778,26.44444444,2245.36,1378.903125165704,5850.342,5804.337,1.0079,710.0,8175.1225,32.98,67.02
China,28.5,-7.777777778,12.94444444,975.36,578.0816328785877,1439323.776,1433783.686,1.0039,9706961.0,147.7068,30.17,69.83
Christmas Island,27.77777778,21.66666667,25.0,2103.12,,,,,,,,
Cocos Islands,29.44444444,23.33333333,26.11111111,1953.26,,,,,,,,
Costa Rica,30.94444444,19.27777778,24.72222222,1529.08,618.1418898257095,5094.118,5047.561,1.0092,51100.0,98.7781,55.34,44.66
Comoros,29.61111111,18.44444444,23.72222222,2334.26,,869.601,850.886,1.022,1862.0,456.9742,,
Cook Islands,29.61111111,22.66666667,25.94444444,2159.0,,17.564,17.548,1.0009,236.0,74.3559,,
Puerto Rico,30.94444444,18.0,24.61111111,1666.24,780.0206479392231,2860.853,2933.408,0.9753,8870.0,330.7112,63.35,36.65
Cote D'Ivoire,32.94444444,19.83333333,26.22222222,1379.22,,,,,,,,
Croatia,27.33333333,0.833333333,12.83333333,1043.94,760.2634486679062,4105.267,4130.304,0.9939,56594.0,72.9813,24.91,75.09
Cuba,31.27777778,18.94444444,25.27777778,1120.14,640.4122752040836,11326.616,11333.483,0.9994,109884.0,103.1404,29.09,70.91
Curaçao,31.66666667,24.44444444,27.5,541.02,,,,,,,,
Cyprus,31.77777778,7.555555556,18.94444444,391.16,806.5896140850261,1207.359,1198.575,1.0073,9251.0,129.5617,31.97,68.03
Czech Republic,20.94444444,-5.277777778,6.944444444,695.96,614.2295554629019,10708.981,10689.209,1.0018,78865.0,135.5381,25.31,74.69
Democratic Republic Of The Congo,30.27777778,16.55555556,23.5,1501.14,,,,,,,,
Denmark,19.88888889,-1.6666666669999999,7.777777778,607.06,1228.9076016907825,5792.202,5771.876,1.0035,43094.0,133.9369,26.72,73.28
Djibouti,37.5,19.44444444,28.5,177.8,964.9340549276216,988.0,973.56,1.0148,23200.0,41.9638,,
Dominica,,,25.0,1935.48,498.2888710989797,71.986,71.808,1.0025,751.0,95.6165,,
Dominican Republic,30.61111111,19.44444444,24.72222222,1363.98,522.6352399953424,10847.91,10738.958,1.0101,48671.0,220.6439,60.14,39.86
East Timor,32.22222222,22.22222222,24.05555556,1244.6,,,,,,,,
Fiji,30.22222222,20.72222222,24.94444444,2593.34,514.5840100741599,896.445,889.953,1.0073,18272.0,48.7058,57.94,42.06
Egypt,34.55555556,8.611111111,21.77777778,50.8,295.2678863565474,102334.404,100388.073,1.0194,1002450.0,100.1427,46.79,53.21
El Salvador,31.66666667,18.61111111,23.16666667,1643.38,473.65816291539977,6486.205,6453.553,1.0051,21041.0,306.7132,68.82,31.18
Equatorial Guinea,30.77777778,19.72222222,24.44444444,2461.26,,1402.985,1355.986,1.0347,28051.0,48.34,,
Eritrea,33.61111111,17.77777778,23.38888889,347.98,,3546.421,3497.117,1.0141,117600.0,29.7374,,
Estonia,21.11111111,-7.777777778,5.5,650.24,631.198767407033,1326.535,1325.648,1.0007,45227.0,29.311,23.38,76.62
Eswatini,26.38888889,9.888888889,19.66666667,922.02,,,,,,,,
Ethiopia,28.0,12.11111111,19.33333333,1092.2,698.6495097251352,114963.588,112078.73,1.0257,1104300.0,101.493,50.03,49.97
Europa Island,30.0,19.44444444,25.0,510.54,,,,,,,,
Falkland Islands,14.44444444,0.5555555560000001,5.555555556,640.08,,3.48,3.377,1.0305,12173.0,0.2774,,
Faroe Islands,12.22222222,1.6666666669999999,6.666666667,1470.66,,48.863,48.678,1.0038,1393.0,34.9447,,
Federated States Of Micronesia,31.0,22.55555556,27.22222222,3716.02,,,,,,,,
United States,29.94444444,0.944444444,11.55555556,876.3,1394.0666105781963,331002.651,329064.917,1.0059,9372610.0,35.1092,47.74,52.26
Finland,20.33333333,-11.66666667,2.555555556,556.26,940.780334223667,5540.72,5532.156,1.0015,338424.0,16.3468,27.01,72.99
France,24.77777778,1.333333333,11.27777778,779.78,963.5282334394619,65273.511,65129.728,1.0022,551695.0,118.0539,49.2,50.8
French Guiana,31.55555556,21.83333333,25.77777778,3014.98,,298.682,290.832,1.027,83534.0,3.4816,,
French Polynesia,29.77777778,21.11111111,24.55555556,1798.32,1113.6843868524272,280.908,279.287,1.0058,4167.0,67.0235,,
French Southern And Antarctic Lands,13.5,4.277777778,8.444444444,1125.22,,,,,,,,
Gabon,30.44444444,19.88888889,24.77777778,1930.4,1249.3653392820504,2225.734,2172.579,1.0245,267668.0,8.1167,,
Gaza Strip,,,18.88888889,299.72,,,,,,,,
Georgia,27.05555556,2.111111111,14.0,878.84,317.08479133472986,3989.167,3996.765,0.9981,69700.0,57.3424,22.62,77.38
New Caledonia,29.88888889,16.05555556,23.16666667,1440.18,1177.4466234835274,285.498,282.75,1.0097,18575.0,15.2221,,
Ghana,31.94444444,23.5,26.77777778,1183.64,560.7435175720307,31072.94,30417.856,1.0215,238533.0,127.5205,48.52,51.48
Gibraltar,27.77777778,11.11111111,18.33333333,833.12,1178.2835462559087,33.691,33.701,0.9997,6.0,5616.8333,,
Glorioso Islands,30.55555556,22.77777778,27.22222222,,,,,,,,,
Greece,30.5,5.333333333,16.94444444,642.62,638.9492076823905,10423.054,10473.455,0.9952,131990.0,79.3504,44.14,55.86
Greenland,7.8888888889999995,-18.94444444,-5.333333333,574.04,1286.0362106142798,56.77,56.672,1.0017,2166086.0,0.0262,,
Grenada,30.0,22.5,26.11111111,1943.1,824.4646913639616,112.523,112.003,1.0046,344.0,325.5901,,
Guadeloupe,31.38888889,20.22222222,25.44444444,1780.54,,400.124,400.056,1.0002,1628.0,245.7346,,
Guam,30.5,22.88888889,26.72222222,2280.92,1390.4220704640618,168.775,167.294,1.0089,549.0,304.725,,
Guatemala,29.88888889,19.33333333,20.72222222,1584.96,516.1217242891122,17915.568,17581.472,1.019,108889.0,161.4623,58.15,41.85
Guinea,32.94444444,20.38888889,25.61111111,2156.46,,13132.795,12771.246,1.0283,245857.0,51.9458,,
Guinea-Bissau,33.55555556,19.22222222,27.0,1818.64,,1968.001,1920.922,1.0245,36125.0,53.1743,,
Guyana,31.83333333,21.38888889,26.27777778,2400.3,492.32817250871767,786.552,782.766,1.0048,214969.0,3.6413,68.74,31.26
Haiti,31.0,18.33333333,24.83333333,1516.38,1169.5725272283244,11402.528,11263.077,1.0124,27750.0,405.8766,,
Holy See,28.33333333,3.888888889,15.55555556,802.64,,,,,,,,
Honduras,30.77777778,21.77777778,25.44444444,1864.36,508.66764692345225,9904.607,9746.117,1.0163,112492.0,86.6383,74.78,25.22
Hungary,25.94444444,-3.722222222,10.16666667,576.58,469.8198677845214,9660.351,9684.679,0.9975,93028.0,104.105,34.81,65.19
Iceland,13.11111111,-3.777777778,3.611111111,967.74,1515.948493872868,341.243,339.031,1.0065,103000.0,3.2916,24.13,75.87
India,35.83333333,10.72222222,24.22222222,1267.46,277.33904565918357,1380004.385,1366417.754,1.0099,3287590.0,415.629,44.72,55.28
Indian Ocean Island,30.55555556,24.44444444,27.22222222,,,,,,,,,
Indonesia,31.11111111,21.77777778,26.33333333,2362.2,377.51125344544886,273523.615,270625.568,1.0107,1904569.0,142.0928,46.23,53.77
Iran,35.11111111,-1.111111111,16.16666667,342.9,537.854338005349,83992.949,82913.906,1.013,1648195.0,50.3059,49.19,50.81
Iraq,42.5,4.5,22.44444444,231.14,433.43397047874527,40222.493,39309.783,1.0232,438317.0,89.6835,48.77,51.23
Ireland,18.38888889,2.9444444439999997,9.666666667000001,1036.32,1243.1581467194278,4937.786,4882.495,1.0113,70273.0,69.479,45.02,54.98
Isle Of Man,18.77777778,3.666666667,10.11111111,899.16,862.5321600350296,85.033,84.584,1.0053,572.0,147.8741,20.79,79.21
Israel,32.72222222,7.055555556,19.33333333,467.36,1140.0870355166098,8655.535,8519.377,1.016,20770.0,410.177,31.21,68.79
Italy,27.33333333,2.555555556,13.5,772.16,897.5681097933185,60461.826,60550.075,0.9985,301336.0,200.9387,44.37,55.63
Jamaica,31.05555556,20.72222222,25.38888889,1348.74,684.2036805796073,2961.167,2948.279,1.0044,10991.0,268.2448,67.53,32.47
Japan,28.77777778,0.222222222,13.94444444,1717.04,1002.9850372482679,126476.461,126860.301,0.997,377930.0,335.6714,21.95,78.05
Jordan,33.11111111,4.6111111110000005,18.61111111,200.66,519.1494719314056,10203.134,10101.694,1.01,89342.0,113.0677,40.73,59.27
Juan De Nova Island,30.55555556,23.33333333,27.22222222,,,,,,,,,
Kazakhstan,29.61111111,-17.11111111,5.944444444,294.64,336.61430991678503,18776.707,18551.427,1.0121,2724900.0,6.8081,54.02,45.98
Kenya,29.16666667,15.11111111,20.83333333,1084.58,450.9712274624293,53771.296,52573.973,1.0228,580367.0,90.5875,61.4,38.6
Kiribati,30.72222222,24.77777778,27.22222222,1511.3,,119.449,117.606,1.0157,811.0,145.0136,,
Kosovo,27.44444444,-4.0,10.66666667,716.28,,,,,,,,
Kuwait,44.72222222,7.222222222,24.66666667,104.14,796.6151227033545,4270.571,4207.083,1.0151,17818.0,236.1142,34.04,65.96
Kyrgyzstan,27.66666667,-13.72222222,8.277777777999999,403.86,260.4551698394933,6524.195,6415.85,1.0169,199951.0,32.0871,55.39,44.61
Laos,33.22222222,14.55555556,24.66666667,1701.8,,7275.56,7169.455,1.0148,236800.0,30.2764,,
Latvia,20.16666667,-6.0,6.055555556,589.28,568.7774643808002,1886.198,1906.743,0.9892,64559.0,29.5349,37.21,62.79
Lebanon,28.77777778,4.444444444,15.88888889,861.06,1010.585945788792,6825.445,6855.713,0.9956,10452.0,655.9236,46.96,53.04
Lesotho,27.16666667,-0.111111111,13.55555556,734.06,,2142.249,2125.268,1.008,30355.0,70.0138,,
Liberia,32.05555556,21.94444444,25.11111111,2771.14,1128.2313864816929,5057.681,4937.374,1.0244,111369.0,44.3335,,
Libya,33.16666667,6.8888888889999995,20.16666667,187.96,668.7314669283654,6871.292,6777.452,1.0138,1759540.0,3.8518,62.0,38.0
Liechtenstein,23.88888889,-2.777777778,9.833333332999999,924.56,1292.2509996395834,38.128,38.019,1.0029,160.0,237.6188,,
Lithuania,21.16666667,-7.0,6.333333333,668.02,544.8937176153893,2722.289,2759.627,0.9865,65300.0,42.2608,33.84,66.16
Luxembourg,21.94444444,-2.055555556,8.166666667000001,822.96,1422.4944210385095,625.978,615.729,1.0166,2586.0,238.1009,32.15,67.85
Macedonia,28.55555556,-2.555555556,11.61111111,556.26,,2083.374,2083.459,1.0,25713.0,81.0275,,
Madagascar,28.61111111,14.61111111,21.88888889,1701.8,335.8192350743645,27691.018,26969.307,1.0268,587041.0,45.9411,,
Malawi,30.11111111,10.88888889,21.38888889,1109.98,,19129.952,18628.747,1.0269,118484.0,157.2258,,
Malaysia,31.38888889,22.22222222,26.27777778,2669.54,386.2075383460602,32365.999,31949.777,1.013,330803.0,96.5825,57.89,42.11
Maldives,31.27777778,24.61111111,27.83333333,2108.2,707.5999542015536,540.544,530.953,1.0181,300.0,1769.8433,55.99,44.01
Mali,38.38888889,17.72222222,28.38888889,655.32,,20250.833,19658.031,1.0302,1240192.0,15.8508,,
Malta,31.0,9.555555556,18.72222222,558.8,965.8749083748747,441.543,440.372,1.0027,316.0,1393.5823,38.93,61.07
Marshall Islands,30.33333333,24.33333333,27.38888889,2565.4,,59.19,58.791,1.0068,181.0,324.8122,,
Martinique,31.16666667,21.72222222,26.05555556,1884.68,,375.265,375.554,0.9992,1128.0,332.9379,,
Mauritania,37.72222222,16.05555556,27.83333333,187.96,,4649.658,4525.696,1.0274,1030700.0,4.3909,,
Mauritius,28.83333333,18.61111111,23.77777778,1549.4,539.428768881403,1271.768,1269.668,1.0017,2040.0,622.3863,47.89,52.11
Mayotte,31.11111111,21.11111111,25.55555556,1143.0,997.03227686814,272.815,266.15,1.025,374.0,711.631,,
Vanuatu,29.72222222,19.5,24.5,2499.36,,307.145,299.882,1.0242,12189.0,24.6027,,
Moldova,26.38888889,-6.1111111110000005,9.722222222000001,525.78,347.5929754852136,4033.963,4043.263,0.9977,33846.0,119.4606,46.56,53.44
Monaco,25.11111111,3.222222222,14.77777778,805.18,2997.941944167723,39.242,38.964,1.0071,2.0,19482.0,,
Mongolia,22.83333333,-26.77777778,-0.666666667,236.22,386.44913891597673,3278.29,3225.167,1.0165,1564110.0,2.062,55.64,44.36
Montenegro,27.66666667,0.27777777800000003,12.88888889,1363.98,445.12019899647765,628.066,627.987,1.0001,13812.0,45.4668,41.61,58.39
Montserrat,,,27.22222222,1788.16,,4.992,4.989,1.0006,102.0,48.9118,,
Morocco,30.72222222,6.3888888889999995,17.5,429.26,386.8413962832998,36910.56,36471.769,1.012,446550.0,81.6745,49.1,50.9
Mozambique,31.5,15.44444444,23.72222222,970.28,632.2271277470812,31255.435,30366.036,1.0293,801590.0,37.8823,,
Myanmar,34.83333333,14.05555556,25.83333333,2461.26,565.0712660005892,54409.8,54045.42,1.0067,676578.0,79.8805,47.17,52.83
Namibia,28.38888889,7.777777778,20.16666667,309.88,491.91417367696334,2540.905,2494.53,1.0186,825615.0,3.0214,65.89,34.11
Nauru,30.83333333,24.44444444,27.22222222,2065.02,,10.824,10.756,1.0063,21.0,512.1905,,
Nepal,29.05555556,1.7777777780000001,18.72222222,1564.64,244.69825202045214,29136.808,28608.71,1.0185,147181.0,194.3777,35.72,64.28
Argentina,29.66666667,4.0,17.38888889,871.22,312.9229014577488,45195.774,44780.677,1.0093,2780400.0,16.1058,63.31,36.69
Netherlands Antilles,31.72222222,23.0,27.5,487.68,,,,,,,,
Australia,29.44444444,6.0,17.44444444,782.32,1150.6133644204172,25499.884,25203.198,1.0118,7692024.0,3.2765,42.44,57.56
Colombia,29.27777778,19.88888889,23.11111111,1783.08,383.41495154151374,50882.891,50339.443,1.0108,1141748.0,44.0898,55.77,44.23
Nicaragua,30.83333333,22.38888889,25.88888889,2623.82,416.9911471955297,6624.554,6545.502,1.0121,130373.0,50.206,48.37,51.63
Niger,39.61111111,15.22222222,28.33333333,584.2,,24206.644,23310.715,1.0384,1267000.0,18.3984,,
Nigeria,34.22222222,19.05555556,26.72222222,1282.7,667.0606419701637,206139.589,200963.599,1.0258,923768.0,217.5477,63.86,36.14
Niue,29.44444444,20.55555556,24.44444444,2062.48,,1.626,1.615,1.0068,260.0,6.2115,,
Norfolk Island,25.0,13.05555556,18.61111111,1313.18,,,,,,,,
North Korea,26.27777778,-12.16666667,7.833333333,916.94,,25778.816,25666.161,1.0044,120538.0,212.93,,
Northern Mariana Islands,30.72222222,23.0,26.77777778,2115.82,,57.559,57.216,1.006,464.0,123.3103,,
Norway,16.11111111,-6.8888888889999995,4.333333333,1122.68,1226.8245821944195,5421.241,5378.857,1.0079,323802.0,16.6116,33.35,66.65
Oceania,30.22222222,11.77777778,26.0,1651.0,,,,,,,,
Oman,37.33333333,14.55555556,26.55555556,96.52,583.9618932405489,5106.626,4974.986,1.0265,309500.0,16.0743,20.26,79.74
Pakistan,37.94444444,4.0,21.5,406.4,214.84594135586087,220892.34,216565.318,1.02,881912.0,245.5634,43.86,56.14
Palau,31.05555556,18.77777778,27.16666667,3357.88,,18.094,18.008,1.0048,459.0,39.2331,,
South Korea,28.83333333,-5.333333333,12.11111111,1300.48,,51269.185,51225.308,1.0009,100210.0,511.1796,26.86,73.14
Papua New Guinea,30.11111111,20.38888889,24.66666667,2806.7,1391.6202696862695,8947.024,8776.109,1.0195,462840.0,18.9614,80.24,19.76
Paracel Islands,31.11111111,22.22222222,26.38888889,1242.06,,,,,,,,
Paraguay,32.72222222,12.5,22.27777778,1574.8,348.3265668554029,7132.538,7044.636,1.0125,406752.0,17.3192,48.97,51.03
Spain,28.66666667,5.777777778,15.55555556,551.18,769.7962376366331,46754.778,46736.776,1.0004,505992.0,92.3666,33.13,66.87
Philippines,32.05555556,21.5,26.55555556,2451.1,454.78781585743627,109581.078,108116.615,1.0135,342353.0,315.8045,42.16,57.84
Pitcairn Islands,26.22222222,16.0,20.0,1630.68,,,,,,,,
Poland,23.83333333,-8.444444444,7.0,624.84,542.2413659428563,37846.611,37887.768,0.9989,312679.0,121.1715,29.32,70.68
Ecuador,27.72222222,18.22222222,19.44444444,1036.32,447.5357533355647,17643.054,17373.662,1.0155,276841.0,62.7568,54.41,45.59
Portugal,26.77777778,7.833333333,15.77777778,825.5,661.6817995043828,10196.709,10226.187,0.9971,92090.0,111.0456,29.89,70.11
Qatar,40.22222222,13.33333333,26.72222222,78.74,1119.1043699487648,2881.053,2832.067,1.0173,11586.0,244.4387,12.29,87.71
Republic Of Congo,30.72222222,18.44444444,24.11111111,1531.62,,,,,,,,
Reunion,29.61111111,19.05555556,24.33333333,1653.54,,895.312,888.927,1.0072,2511.0,354.0131,,
Romania,25.22222222,-5.333333333,8.666666667000001,627.38,437.4764171751667,19237.691,19364.557,0.9934,238391.0,81.2302,28.35,71.65
Russia,21.0,-21.72222222,-0.944444444,510.54,457.70084415464373,145934.462,145872.256,1.0004,17098242.0,8.5314,40.13,59.87
Rwanda,25.77777778,14.05555556,19.11111111,1191.26,440.98614205831774,12952.218,12626.95,1.0258,26338.0,479.4195,25.28,74.72
Saint Barthélemy,32.22222222,22.77777778,28.33333333,,,,,,,,,
Saint Helena,19.66666667,9.888888889,15.94444444,1742.44,,,,,,,,
Saint Kitts And Nevis,31.11111111,21.83333333,26.33333333,1160.78,,53.199,52.823,1.0071,261.0,202.387,,
Saint Lucia,30.61111111,23.55555556,27.5,1645.92,,183.627,182.79,1.0046,616.0,296.737,,
Saint Martin,32.22222222,22.77777778,26.94444444,1023.62,,38.666,38.002,1.0175,53.0,717.0189,,
Saint Pierre And Miquelon,,,5.0,1275.08,,5.794,5.822,0.9952,242.0,24.0579,,
Saint Vincent And The Grenadines,31.11111111,23.88888889,25.27777778,1927.86,,110.94,110.589,1.0032,389.0,284.2905,,
Samoa,30.0,23.33333333,26.11111111,2857.5,,198.414,197.097,1.0067,2842.0,69.3515,,
San Marino,26.38888889,0.7222222220000001,12.77777778,828.04,,33.931,33.86,1.0021,61.0,555.082,,
Sao Tome And Principe,29.33333333,21.38888889,25.38888889,1744.98,,219.159,215.056,1.0191,964.0,223.0871,,
Saudi Arabia,38.44444444,10.44444444,25.33333333,124.46,556.5990243764238,34813.871,34268.528,1.0159,2149690.0,15.9411,25.93,74.07
Senegal,35.77777778,17.33333333,27.5,632.46,656.8482480205217,16743.927,16296.364,1.0275,196722.0,82.8396,,
Serbia,26.61111111,-3.666666667,10.11111111,701.04,418.0346923446836,8737.371,8772.235,0.996,88361.0,99.2772,38.26,61.74
Seychelles,31.27777778,23.72222222,26.66666667,2278.38,1050.4245995064737,98.347,97.739,1.0062,452.0,216.2367,,
Sierra Leone,32.88888889,21.11111111,26.11111111,2720.34,,7976.983,7813.215,1.021,71740.0,108.9102,,
Bolivia,26.5,6.055555556,17.16666667,853.44,395.96612354196577,11673.021,11513.1,1.0139,1098581.0,10.48,55.39,44.61
Sint Maarten,30.55555556,22.22222222,26.38888889,,,42.876,42.388,1.0115,34.0,1246.7059,,
Slovakia,22.27777778,-7.1111111110000005,6.222222222,665.48,598.5853230404987,5459.642,5457.013,1.0005,49037.0,111.2836,29.74,70.26
Slovenia,22.61111111,-4.8888888889999995,8.0,1247.14,678.6879367142537,2078.938,2078.654,1.0001,20273.0,102.5331,21.79,78.21
Solomon Islands,30.61111111,22.72222222,26.27777778,3213.1,,686.884,669.823,1.0255,28896.0,23.1805,,
Somalia,33.11111111,19.5,26.61111111,312.42,385.68880276071434,15893.222,15442.905,1.0292,637657.0,24.2182,56.04,43.96
South Africa,27.5,4.6111111110000005,16.94444444,670.56,557.25954289999,59308.69,58558.27,1.0128,1221037.0,47.9578,77.07,22.93
South Georgia And The South Sandwich Islands,8.333333332999999,-2.777777778,1.6666666669999999,1473.2,,,,,,,,
Tonga,25.88888889,19.0,24.72222222,1765.3,,105.695,104.494,1.0115,747.0,139.8849,,
South Sudan,37.11111111,19.0,26.61111111,1041.4,,11193.725,11062.113,1.0119,619745.0,17.8495,,
Peru,24.33333333,9.166666667000001,15.83333333,622.3,482.7833058793208,32971.854,32510.453,1.0142,1285216.0,25.2957,66.61,33.39
Sri Lanka,31.16666667,21.83333333,25.38888889,1841.5,359.57323512192016,21413.249,21323.733,1.0042,65610.0,325.0074,41.19,58.81
Sudan,38.72222222,14.88888889,27.88888889,327.66,375.679727749133,43849.26,42813.238,1.0242,1886068.0,22.6997,,
Suriname,31.66666667,23.61111111,25.72222222,2202.18,516.1952562764122,586.632,581.372,1.009,163820.0,3.5488,,
Sweden,20.5,-8.555555556,4.6111111110000005,574.04,1013.6214257407381,10099.265,10036.379,1.0063,450295.0,22.2885,47.2,52.8
Switzerland,20.22222222,-5.833333333,5.833333333,1186.18,1682.4153996562925,8654.622,8591.365,1.0074,41284.0,208.104,21.35,78.65
Syria,34.88888889,3.4444444439999997,17.72222222,345.44,315.80867207889804,17500.658,17070.135,1.0252,185180.0,92.1813,68.09,31.91
Taiwan,31.05555556,12.22222222,21.88888889,1513.84,620.2526824492762,23816.775,23773.876,1.0018,36193.0,656.8639,15.24,84.76
Tajikistan,31.0,-7.222222222,11.38888889,541.02,226.01724095544418,9537.645,9321.018,1.0232,143100.0,65.1364,,
Tanzania,29.38888889,14.94444444,22.33333333,1074.42,408.151574997068,59734.218,58005.463,1.0298,945087.0,61.3758,56.64,43.36
Canada,22.77777778,-15.61111111,3.333333333,876.3,958.7423107056662,37742.154,37411.047,1.0089,9984670.0,3.7468,41.19,58.81
The Bahamas,31.77777778,18.55555556,24.83333333,1173.48,,,,,,,,
The Gambia,37.55555556,16.38888889,28.0,927.1,,,,,,,,
Togo,34.66666667,20.94444444,26.55555556,1262.38,,8278.724,8082.366,1.0243,56785.0,142.3328,,
Tokelau,,,27.22222222,2794.0,,1.357,1.34,1.0127,12.0,111.6667,,
Chile,22.77777778,4.8888888889999995,12.27777778,1061.72,557.1652346843509,19116.201,18952.038,1.0087,756102.0,25.0655,52.08,47.92
Trinidad And Tobago,31.16666667,22.22222222,26.38888889,1485.9,669.7466616185508,1399.488,1394.973,1.0032,5130.0,271.9246,70.95,29.05
Tromelin Island,30.0,22.77777778,26.66666667,,,,,,,,,
Tunisia,32.44444444,6.444444444,18.33333333,411.48,247.08943737763875,11818.619,11694.719,1.0106,163610.0,71.4792,43.4,56.6
Turkey,29.55555556,-1.5,12.33333333,652.78,286.09335261076893,84339.067,83429.615,1.0109,783562.0,106.4748,39.53,60.47
Turkmenistan,36.27777778,-2.166666667,15.38888889,172.72,1176.7121019930298,6031.2,5942.089,1.015,488100.0,12.1739,,
Turks And Caicos Islands,31.11111111,22.77777778,26.66666667,604.52,,38.717,38.191,1.0138,948.0,40.2859,,
Tuvalu,30.55555556,26.66666667,27.22222222,3472.18,,11.792,11.646,1.0125,26.0,447.9231,,
U.S. Virgin Islands,31.44444444,20.88888889,26.22222222,1059.18,,,,,,,,
Uganda,28.83333333,15.05555556,21.5,1277.62,321.21057358128877,45741.007,44269.594,1.0332,241550.0,183.273,56.07,43.93
Ukraine,25.88888889,-6.444444444,8.666666667000001,510.54,333.93273286270113,43733.762,43993.638,0.9941,603500.0,72.8975,48.28,51.72
United Arab Emirates,40.66666667,13.44444444,27.0,129.54,1386.7686296385434,9890.402,9770.529,1.0123,83600.0,116.8724,15.35,84.65
New Zealand,22.11111111,3.0,12.22222222,1267.46,985.6136311867348,4822.233,4783.063,1.0082,270467.0,17.6845,42.26,57.74
Germany,21.72222222,-2.611111111,8.111111111,746.76,972.6787928543663,83783.942,83517.045,1.0032,357114.0,233.8666,35.42,64.58
Uruguay,29.44444444,6.8888888889999995,16.83333333,1137.92,537.6999011958699,3473.73,3461.734,1.0035,181034.0,19.122,51.22,48.78
Uzbekistan,35.05555556,-5.333333333,13.94444444,302.26,290.07008034708764,33469.203,32981.716,1.0148,447400.0,73.7186,34.7,65.3
Netherlands,20.77777778,-0.222222222,9.555555556,754.38,1156.9601531646174,17134.872,17097.13,1.0022,41850.0,408.5336,27.22,72.78
Venezuela,30.55555556,19.11111111,24.66666667,1115.06,444.19465151544665,28435.94,28515.829,0.9972,916445.0,31.1157,84.25,15.75
United Kingdom,19.83333333,1.4444444440000002,9.333333332999999,754.38,1161.2493638728074,67886.011,67530.172,1.0053,242900.0,278.0164,45.26,54.74
Wake Island,31.33333333,22.44444444,26.94444444,909.32,,,,,,,,
Wallis And Futuna,30.55555556,23.88888889,27.0,3309.62,,11.239,11.432,0.9831,142.0,80.507,,
West Bank,,,15.38888889,604.52,,,,,,,,
Western Sahara,29.88888889,13.0,21.0,68.58,,597.339,582.463,1.0255,266000.0,2.1897,,
Yemen,33.77777778,20.66666667,27.05555556,53.34,392.61879897431714,29825.964,29161.922,1.0228,527968.0,55.2343,,
Zambia,31.72222222,8.722222222000001,21.0,1043.94,268.9639468107551,18383.955,17861.03,1.0293,752612.0,23.7321,43.22,56.78
Zimbabwe,29.05555556,7.166666667,19.66666667,764.54,509.39904684329554,14862.924,14645.468,1.0148,390757.0,37.4797,58.88,41.12
